,name,address,type
0,Reflections Hair Studio,438 King St,Beauty salon
1,Great Clips,618 Constitution Ave,Beauty salon
2,American Beauty,510 King St,Beauty salon
3,Bubbles & Polish Nails and Day Spa,224 Great Rd,Nail salon
4,Shear Madness,222 Great Rd,Hair salon
5,Hair Cuttery,505 Constitution Ave,Hair salon
6,Spavia Day Spa - Littleton,615 Constitution Ave,Day spa
7,Christine's Day Spa,510 King St #9,Beauty salon
8,Dango's Family Hair Center,439 Littleton Rd,Beauty salon
9,Mirror Image,36 Beaver Brook Rd,Beauty salon
10,A Spa For You,434 Littleton Rd,Day spa
11,Epicenter Medi Spa,531 King St #3,Medical spa
12,salon v acton ma,485 Great Rd,Beauty salon
13,Touche Hair Salon,485 Great Rd #3,Beauty salon
14,Salon Tuan Design Studio,481 Great Rd,Beauty salon
15,As You Like It Hair Salon,452 Great Rd,Beauty salon
16,"InStyle Hair Designs, Inc.",175 Littleton Rd,Beauty salon
17,The Salon at 142,142 Littleton Rd,Beauty salon
18,Nature's Nails,481 Great Rd Ste 16,Nail salon
19,Atmosphere Salon,288 Littleton Rd,Hair salon
20,Happy Nails & Spa,175 Littleton Rd,Beauty salon
21,Synergia Hair Studio,505 Nagog Park #A,Beauty salon
22,Supercuts,174 Littleton Rd # 6,Hair salon
23,Tropical Tanning & Nails,190 Littleton Rd,Nail salon
24,Blush Hair Studio,871 Boston Rd,Hair salon
25,NuYu Aveda Salon and Spa,268 Great Rd,Beauty salon
26,Balance Nails,142 Littleton Rd #10,Nail salon
27,Elite Hair Design & The Vibe,270 Littleton Rd # 4,Hair salon
28,Iris Nail & Spa,66 Littleton Rd,Nail salon
29,Innovations Hair Salon,629 Massachusetts Ave # 6,Beauty salon
30,CharlëRose,69 Broadway St,Beauty salon
31,Great Clips,9 Cornerstone Square,Beauty salon
32,Le Petit Salon,260 Arlington St,Hair salon
33,wendyo Salon,572 Massachusetts Ave,Beauty salon
34,Lookin' Good,6 Carlisle Rd,Beauty salon
35,Moodz Day Spa & Salon,556 Massachusetts Ave,Beauty salon
36,Dalla Nails & Spa,9 Cornerstone Square #950,Nail salon
37,La Bella Hais Salon,5 Cornerstone Square,Beauty salon
38,Aroma Spa & Laser Center,175 Littleton Rd,Day spa
39,Beauty Nail & Spa,6 Carlisle Rd,Nail salon
40,The Glam Room,288 Littleton Rd #14,Make-up artist
41,Line Nails & Spa,,Beauty salon
42,Supercuts,293 Main St,Hair salon
43,1 on 1 Self Indulgence Spa,457 Great Rd,Spa
44,A Cut Above Inc./ The Salon,584 Massachusetts Ave,Nail salon
45,Laser MD MedSpa,436 Great Rd,Laser hair removal service
46,Coco Nail Bar Inc,174 Littleton Rd,Nail salon
47,Feathers Hair Salon,136 Main St,Beauty salon
48,Shilpa's Threading & Spa,481 Great Rd Suite #104A,Day spa
49,Ambiance Salon,290 Littleton Rd,Beauty salon
50,The Whole Body Fitness Spa,"3 Littleton Rd, Suite 10C, 2nd Floor",Spa and health club
51,Salon V,485 Great Rd,Hair salon
52,Labella Hair Studio,290 Littleton Rd,Beauty salon
53,Unique Nails,295 Main St,Nail salon
54,Alexandre Electrology,481 Great Rd # 13,Hair removal service
55,Q Nails,562 Massachusetts Ave,Nail salon
56,Mindy's Family Hair Care,160 Great Rd,Beauty salon
57,Nail Studio,218 Main St,Nail salon
58,A Spa To Remember By: Marsha Camillieri,3 Littleton Rd,Beauty salon
59,Divine Lash Bar,290 Littleton Rd,Beauty salon
60,The Glam Room,288 Littleton Rd #14,Make-up artist
61,Dellaria Salon,268b Great Rd,Hair salon
62,Nouveaux Skin & Nails/BEMER Energy Center,23A Spruce St,Skin care clinic
63,Acton Nails & Spa,167 Great Rd,Nail salon
64,European Wax Center,9 Cornerstone Square,Waxing hair removal service
65,Medical Aesthetics New England,274 Great Rd #2a,Skin care clinic
66,Salon 605,605 Great Rd,Beauty salon
67,Labella Hair Studio,5 Cornerstone Square,Hair salon
68,Owen Jacobs Salon and Day Spa,49 Main St,Hair salon
69,Supercuts,117 Great Rd #302,Beauty salon
70,Headquarters Hair Salon LLC,8 Central Ave,Beauty salon
71,Westford Nails & Spa,64 Brookside Rd,Nail salon
72,Tangerine Organic Salon,313 Littleton Rd,Hair salon
73,Birch Tree Esthetics,525 Massachusetts Ave,Skin care clinic
74,Posh Nails & Spa,117 Great Rd,Nail salon
75,Boston Nails,132 Great Rd,Nail salon
76,Brittany Kate Hair,260 Arlington St,Hair salon
77,Margo's Hair Design,253 Arlington St,Hair salon
78,Salon40,225 Groton Rd #2,Hair salon
79,Bleu Azalea,221 Littleton Rd,Beauty salon
80,KNV Nails,,Nail salon
81,Litlocs,,Beauty salon
82,Hair by Ciarah Vieira,,Beauty salon
83,Kid Klips,160 Great Rd,Hair salon
84,Litlocs,,Beauty salon
85,Hair by Ciarah Vieira,,Beauty salon
86,Sereni Salon & Spa,8 Market St,Beauty salon
87,Tease Hair Studio,67 Main St,Beauty salon
88,A'gaci Nails,18 Boston Rd #700a,Nail salon
89,Sky Salon Lincoln,145 Lincoln Rd,Beauty salon
90,"Professional Aesthetics of Central Mass, LLC",132 Great Rd #102,Facial spa
91,Sacks and Associates Counseling Center LLC,435 King St,Yoga studio
92,A Kneaded Relief Therapeutic Massage,311 Great Rd #3,Massage therapist
93,Yankee Clipper Barbershop,287 Great Rd,Barber shop
94,TITLE Boxing Club Littleton,365 Constitution Ave,Boxing gym
95,Great Clips,480 Boston Rd Unit 130,Beauty salon
96,Great Clips,319 Great Rd,Beauty salon
97,A Healing Vibration Wellness Center & Emporium,69 Broadway St,Hair salon
98,Lauren Craig Salon,25 Andrew Ave,Beauty salon
99,The Room - A Beauty Lounge,53 Boston Post Rd E,Beauty salon
100,Suite 2 Beauty Bar,Dracut,Beauty salon
101,Bella Sisters Salon & Spa,Natick,Beauty salon
102,18|8 Fine Men’s Salons - Burlington,Burlington,Hair salon
103,Blush Hair Salon,Arlington,Beauty salon
104,Matthew j designs,Acton,Hairdresser
105,Carousel Cuts,Billerica,Beauty salon
106,Fernanda's Beauty Salon,Somerville,Beauty salon
107,Fulham Salon Newton,Newton Centre,Beauty salon
108,salon invi,Andover,Beauty salon
109,Fulham Salon Wellesley,Wellesley,Beauty salon
110,Kenneth Wildes Hair Salon,Newton Centre,Hair salon
111,Marchelle Salone,Arlington,Beauty salon
112,Hairmates Salon,Stoneham,Beauty salon
113,"The Traveling Stylist,LLC",,Hair salon
114,Salon De Cinzia,Newton,Beauty salon
115,Great Clips,Shrewsbury,Beauty salon
116,Angel Nails & Spa,Waltham,Nail salon
117,Sally Sacks M.Ed,Littleton,Psychotherapist
118,Westford Barbershop,Westford,Barber shop
119,Salon Maleah,Wellesley,Beauty salon
120,Ulta Beauty,Hudson,Beauty salon
121,Bella Vita Salon & Day Spa,North Andover,Beauty salon
122,Beach,Chelmsford,Tanning salon
123,Orange Salon,Millbury,Beauty salon
124,Massage Envy,North Billerica,Massage spa
125,Blush Tan - Acton,Acton,Tanning salon
126,All About the Massage LLC,Westford,Massage therapist
127,Backstage Salon & Spa,Rowley,Beauty salon
128,Gruskowski Dental Associates,Littleton,Dentist
129,Hair Place One,Quincy,Beauty salon
130,Icon Hair Salons,Newton,Hair salon
131,La Bella Hair Salon,Newton,Hair salon
132,Nickélle Beauty Salon & Boutique,Kingston,Beauty salon
133,Hair Cuttery,Wilmington,Hair salon
134,G2O Spa & Salon,Boston,Beauty salon
135,Hair Cuttery,Arlington,Hair salon
136,Ulta Beauty,Everett,Beauty salon
137,Dr. Craig Gruskowski,Littleton,Dentist
138,New England Yoga,Littleton,Yoga studio
139,Personal Best Ltd,Pembroke,Beauty salon
140,Hair Cuttery,Woburn,Hair salon
141,Massage Envy,Medford,Massage spa
142,Nashoba Family Dentists,Littleton,Dentist
